{
  "id": "/subscriptions/8da7b32b-aebb-464c-b30d-ee1b5aad2970/resourceGroups/VstsRG-tiefighter01-f5a9/providers/Microsoft.Resources/deployments/Deploy_DevOps_Project_JNJCOBOT",
  "name": "Deploy_DevOps_Project_JNJCOBOT",
  "properties": {
    "templateHash": "11663750524476976517",
    "parameters": {
      "projectSettings": {
        "type": "Object",
        "value": {
          "accountName": "tiefighter01",
          "accountLocation": "Central US",
          "accountOperationType": "Link",
          "ownerUpn": "",
          "projectName": "JNJCOBOT",
          "subscriptionId": "8da7b32b-aebb-464c-b30d-ee1b5aad2970",
          "resourceGroupName": "VstsRG-tiefighter01-f5a9",
          "processTemplateId": "adcc42ab-9882-485e-a3ed-7678f01f66bc",
          "versionControlOption": "Git",
          "requestSource": "IbizaDevOps"
        }
      },
      "azureAuth": {
        "type": "SecureString"
      }
    },
    "mode": "Incremental",
    "debugSetting": {
      "detailLevel": "RequestContent, ResponseContent"
    },
    "provisioningState": "Running",
    "timestamp": "2019-02-19T12:46:13.5185044Z",
    "duration": "PT0.5536416S",
    "correlationId": "bf50a7ed-d410-4651-8c98-01c9365cd34f",
    "providers": [
      {
        "namespace": "microsoft.visualstudio",
        "resourceTypes": [
          {
            "resourceType": "account",
            "locations": [
              "centralus"
            ]
          },
          {
            "resourceType": "account/project",
            "locations": [
              "centralus"
            ]
          }
        ]
      }
    ],
    "dependencies": [
      {
        "dependsOn": [
          {
            "id": "/subscriptions/8da7b32b-aebb-464c-b30d-ee1b5aad2970/resourceGroups/VstsRG-tiefighter01-f5a9/providers/microsoft.visualstudio/account/tiefighter01",
            "resourceType": "microsoft.visualstudio/account",
            "resourceName": "tiefighter01"
          }
        ],
        "id": "/subscriptions/8da7b32b-aebb-464c-b30d-ee1b5aad2970/resourceGroups/VstsRG-tiefighter01-f5a9/providers/microsoft.visualstudio/account/tiefighter01/project/JNJCOBOT",
        "resourceType": "microsoft.visualstudio/account/project",
        "resourceName": "tiefighter01/JNJCOBOT"
      }
    ]
  }
}